Reference,Qty,Value,LCSC Part,DNP,Exclude from BOM,Exclude from Board,Footprint
"C1,C2,C3,C4",4,10uf,C19702,,,,Capacitor_SMD:C_0603_1608Metric
LED1,1,SK6812-EC20,C2909058,,,,LCSCfootprints:LED-SMD_4P-L2.0-W2.0-BR
Q1,1,IRF4905S,C7471852,,,,Package_TO_SOT_SMD:TO-252-2
Q2,1,MMBT2222A,C916372,,,,Package_TO_SOT_SMD:SOT-23
"R1,R3,R4,R6",4,10K,C98220,,,,Resistor_SMD:R_0603_1608Metric
R2,1,1K,C22548,,,,Resistor_SMD:R_0603_1608Metric
R5,1,470R,C114433,,,,Resistor_SMD:R_0603_1608Metric
SW1,1,TS-061D-250D4-P,C53207951,,,,LCSCfootprints:SW-SMD_K2-1847DT-A4SA-01
U1,1,ESP-01F-2M,C2764054,,,,LCSCfootprints:ESP-01F
U2,1,ME6211C33M5,C82942,,,,Package_TO_SOT_SMD:SOT-23-5
USB1,1,USB-212-BCW,C720521,,,,LCSCfootprints:USB-A-SMD_USB-212-BCW
USB2a,1,USB-C-Hermaphrodite,C5370430,,,,tinker:USB_C_Hermaphrodite
USB2b,1,USB-C-Hermaphrodite,C2765186,,,,tinker:USB_C_Hermaphrodite
